sum_sq,df,F,PR(>F)
74.80957924496765,5.0,2.085102669566765,0.0820541390350294
124.02194632656922,19.0,0.9096727352030191,0.5741342580324637
373.13252508055996,52.0,,
