sum_sq,df,F,PR(>F)
36.399810992906296,5.0,0.9820543876276224,0.43706008864491275
59.022788273164885,15.0,0.5308048458912225,0.9118684895797375
407.71460925827364,55.0,,
